,0
uba,1141
bank,225
uba bank,134
please,112
account,87
sir,85
help,74
de,66
app,60
god,59
bless,57
thanks,57
bos,56
money,56
na,55
go,46
need,46
god bless,43
la,38
pls,35
dey,35
bura,34
bura uba,34
allah,32
always,32
name,32
done,31
thank,31
mobile,31
johntechthepunter,30
one,29
get,29
le,28
da,28
following,28
johntechthepunter johntechthepunter,27
school,27
good,26
today,26
mobile app,26
et,26
may,25
like,25
please help,24
uba mobile,24
oo,24
bet,24
sur,24
detail,24
people,24
since,23
see,23
time,23
uba god,22
first,22
au,22
even,22
abeg,21
week,21
uba thanks,20
anything,20
nigeria,20
know,20
let,19
follow,19
bank uba,19
engage,19
ba,19
hope,19
birthday,19
transaction,19
number,19
tony,18
make,18
olalekan,18
fee,18
cash,18
ogundele,18
olalekan uba,18
ogundele olalekan,18
small,17
new,17
vous,17
happy,17
still,17
job,17
really,17
much,17
could,17
application,17
un,16
use,16
man,16
acct,16
th,16
sha,16
africa,16
win,16
andy uba,16
andy,16
day,16
ya,16
du,15
tony elumelu,15
pour,15
en,15
card,15
team,15
elumelu,15
bless sir,15
nouvelle,15
need money,15
blessed,15
light,15
ne,15
jar,15
jar uba,15
come,15
account number,14
say,14
ubamobileapp,14
access,14
back,14
ka,14
anambra,14
life,14
never,14
state,14
de uba,13
believe,13
amount,13
last,13
give,13
yan,13
ifbk,13
house,13
account detail,12
want,12
light name,12
could blessed,12
may lord,12
name hope,12
made,12
hope could,12
lord light,12
lord,12
onumba christopher,12
always engage,12
bro,12
charles,12
christopher uba,12
sha allah,12
christopher,12
onumba,12
istandwithandyuba,12
notification,12
africasglobalbank,12
la nouvelle,12
service,12
store,12
senator,12
charles uba,11
customer,11
morning,11
enaruna,11
enaruna charles,11
well,11
uwa,11
abubakar,11
tweet,11
via,11
kindly,11
est,11
without,11
kutumar,11
kutumar uba,11
banking,11
gtb,11
dan,11
please sir,11
pay,11
support,11
pray,11
guy,11
plc,10
pick,10
nothing,10
also,10
ja,10
bn,10
rent,10
march,10
school fee,10
active,10
lucky,10
link,10
open,10
lagos,10
kuma,10
kai,10
payment,10
ayomide,10
going,10
cash please,10
fbk,10
ifeanyi,10
business,10
student,10
happy birthday,10
amp,10
issue,10
bank africa,10
anything cash,10
best,9
bet ja,9
baba,9
ur,9
blessed uba,9
bos uba,9
victor,9
obo,9
food,9
need help,9
match,9
yet,9
fund,9
ta,9
ana,9
send,9
next,9
following since,9
wizkid,9
orunko,9
igwebuikendianambra,9
something,9
work,9
istandwithandyuba igwebuikendianambra,9
orunko ayomide,9
ai,9
weekend,9
said,9
nouvelle application,9
de la,9
debited,9
na uba,9
right,9
done uba,9
member,9
way,9
betking,8
samuel,8
betting,8
long,8
look,8
money school,8
useless,8
uba na,8
buy,8
house rent,8
engaging,8
person,8
date,8
notice,8
dey always,8
uba account,8
engage tweet,8
please obo,8
uba orunko,8
thing,8
chargez,8
ce,8
team member,8
getting,8
sure,8
go win,8
must,8
zenith,8
year,8
access bank,8
oh,8
oga,8
already,8
always engaging,8
bank thanks,8
alert,8
sportpesa,7
please onumba,7
someone,7
put,7
ifeanyi uba,7
sportpesa nff,7
chamber,7
sportybet,7
pawabet,7
pawabet betoftheday,7
working,7
kano,7
sportybet eaglepredict,7
plc uba,7
eaglepredict xbet,7
lafemmeanjola,7
nzemeke,7
africa plc,7
xbet,7
une,7
show,7
would,7
first bank,7
ask,7
try,7
ugochukwu,7
avec,7
uba gtb,7
ja accessbank,7
nous,7
united bank,7
help uba,7
finally believe,7
forever,7
finally,7
night,7
believe go,7
gambling,7
gambling fideltybank,7
fideltybank pawabet,7
tef,7
fideltybank,7
whatsapp,7
think,7
global,7
take,7
win uba,7
pls help,7
winnersgoldenbet,7
winnersgoldenbet betfare,7
gtb bet,7
ni,7
nfl bet,7
nfl,7
nff nfl,7
nff,7
application uba,7
stuff,7
street,7
uba thank,7
tomorrow,7
united,7
omo,7
accessbank uba,7
yesterday,7
abraham,7
betting gambling,7
bet winnersgoldenbet,7
uba app,7
betfare,7
page,7
nzemeke ugochukwu,7
betfare sportpesa,7
remember,7
better,7
accessbank,7
love,7
betoftheday betking,7
luck,7
betoftheday,7
debit,7
bet betting,7
big,7
betking sportybet,7
nan,7
sani,7
month,7
votre,7
dear,7
place,7
message,7
download,7
eaglepredict,7
pa,7
naira,7
sa,6
start,6
gratuitement,6
ever,6
exam,6
riley,6
experience,6
biko,6
micheal,6
yan uba,6
good morning,6
moved,6
follow back,6
follower,6
plus,6
following uba,6
mum,6
thank much,6
using,6
forever notification,6
th birthday,6
uba cameroon,6
uba bos,6
used,6
fcmb,6
play,6
ou,6
compte,6
uba lafemmeanjola,6
giveaway,6
uba please,6
though,6
goal,6
uba pls,6
credit,6
till,6
abraham oluwadurotimi,6
mastercard,6
bank account,6
part,6
since like,6
senator andy,6
ugochukwu riley,6
really need,6
bank app,6
please account,6
keep,6
yes,6
kenan,6
reason,6
wan,6
received,6
looking,6
cameroon,6
operation,6
nd,6
ko,6
advance,6
yakubu,6
oluwadurotimi uba,6
boy,6
atm,6
ogunjimi abraham,6
eat,6
like forever,6
ahmed,6
gal,6
due,6
charge,6
blessing,6
specialbyhbee,6
market,6
balance,6
ogunjimi,6
son,6
alawode,6
tout,6
uba help,6
oluwadurotimi,6
ubatchad,6
sir please,6
pas,6
uba alawode,6
vos,6
sir uba,6
drop,5
dm,5
enter,5
elumelu th,5
plss,5
please cash,5
appreciate,5
dy,5
around,5
elvis,5
esther,5
eat please,5
tonight,5
fanz,5
drive,5
igbo,5
fit,5
app store,5
kebetu,5
receive,5
ki,5
kind,5
share,5
yakubu sanni,5
sg cameroun,5
sg,5
sent,5
leader,5
sen andy,5
sen,5
add,5
madam,5
madeforyou,5
account uba,5
saying,5
mana,5
sanni,5
may god,5
might,5
mind,5
abubakar ahmed,5
riley uba,5
money please,5
order,5
abdulshakur yakubu,5
mu,5
abdulshakur,5
junior,5
joornation,5
ahmed uba,5
pr,5
food stuff,5
wey,5
po,5
gari,5
george,5
anything eat,5
gift,5
global batch,5
godfirst,5
godfirst ukosa,5
winner,5
post,5
surgery,5
wish,5
wrong,5
hello,5
stop,5
new uba,5
problem,5
steady,5
alhamdulillah,5
wa,5
ilorin,5
small big,5
alawode george,5
isee,5
sir small,5
sir anything,5
uba celebrates,5
obo fanz,5
please need,5
call,5
detail uba,5
ayomide victor,5
peace,5
ukosa,5
bara uba,5
uba godfirst,5
chairman,5
cash anything,5
cameroun,5
dai,5
bank abdulshakur,5
batch operation,5
celebrates tony,5
batch,5
celebrates,5
big anything,5
boluwatife,5
complete,5
peter,5
bos please,5
bara,5
ukosa please,5
bon,5
uba job,5
bank name,5
bank bn,5
away,5
boluwatife uba,5
photo,5
kindly help,4
ana bura,4
go dey,4
go long,4
nigeria junior,4
co,4
wife,4
system,4
tape,4
uba pick,4
comfort boluwatife,4
anniversaire,4
comment,4
come uba,4
talk,4
give away,4
comfort,4
friend,4
la sg,4
per,4
registration,4
olanrewaju,4
sef,4
nouvelle uba,4
bos bless,4
semaine,4
find,4
login,4
theep,4
phone,4
thanks much,4
thanks god,4
add schl,4
address,4
omowunmi,4
continue,4
adediji,4
football,4
adediji comfort,4
level,4
igwebuikendianambra istandwithandyuba,4
adeolu,4
apc,4
th march,4
forward,4
senegal,4
buhari,4
amusan timothy,4
tercocam,4
un excellent,4
kana,4
surgery money,4
woman,4
number uba,4
world,4
chamber uba,4
help really,4
akwai,4
payment detail,4
hernia,4
hernia surgery,4
ubamobileapp madeforyou,4
que,4
allah ya,4
progressive,4
starting,4
hotel,4
information,4
amusan,4
important,4
stade tercocam,4
stade,4
ibrahim,4
soon,4
id,4
idan,4
sort,4
idris,4
ubaburkina,4
alhaji,4
ikeja,4
alex,4
igwe,4
challenge,4
uba uba,4
help hernia,4
qui,4
kawai,4
governor,4
carte,4
credited,4
uba sani,4
uba saving,4
client,4
group,4
age,4
winning,4
reach,4
junior chamber,4
uba sir,4
haka,4
uba specialbyhbee,4
hamza,4
happened,4
happening,4
joseph,4
amin,4
bane,4
johnson precious,4
johnson,4
hbd,4
quipe de,4
precious,4
precious bank,4
quipe,4
cgpa,4
seeing,4
brother,4
bless uba,4
toh,4
sai,4
emmanuel,4
member global,4
two,4
zero,4
assist,4
oluwaseun,4
end,4
oluwaseun uba,4
samedi,4
samedi mar,4
birthday photo,4
enough,4
uwa uba,4
name uba,4
banques,4
master,4
please notice,4
pa de,4
bode,4
opeyemi,4
mar au,4
mar,4
wannan,4
aregbesola,4
bode aregbesola,4
da uba,4
remain,4
bari,4
assurancewithcapitalexpress,4
result,4
mum dieing,4
detail nigeria,4
dieing,4
dieing need,4
beg,4
au stade,4
mr,4
disponible,4
dividend,4
mother,4
play store,4
uba assurancewithcapitalexpress,4
use uba,4
aux,4
na gari,4
reversed,4
player,4
abeg uba,4
uba following,4
money bill,4
abi,4
notification may,4
mondaymotivation,4
uba gal,4
dy always,4
bill,4
saving,4
igwe elvis,4
school uba,4
everytime,4
customer service,4
account name,4
nnamdi,4
fan,4
fb,4
everyday,4
mace,4
today uba,4
schl,4
schl fee,4
excellent,4
timothy,4
mais,4
failed,4
timothy oluwaseun,4
please please,4
able,3
quick,3
mai,3
jesus,3
lol,3
bos dy,3
beautiful,3
worry,3
rience,3
long way,3
worst,3
sir help,3
sir sir,3
actually,3
union bank,3
monday,3
bettertogetherwithgoh,3
mi,3
joyeux,3
lmao,3
micheal adeolu,3
bill though,3
running,3
maintenance,3
unitedbankforafrica,3
since yesterday,3
ahead,3
rufai,3
abu,3
road,3
yet receive,3
ra,3
job today,3
based,3
bos always,3
oyindamola,3
network,3
self,3
acct samuel,3
bon de,3
ina,3
nation,3
proof,3
user,3
much uba,3
never win,3
using uba,3
regard,3
second,3
activate,3
album,3
via uba,3
il,3
souhaite,3
reside nigeria,3
souhaiter,3
souhaiter un,3
soul,3
reside,3
music,3
chargez la,3
obo please,3
sell,3
sm,3
lost,3
sit,3
joyeux anniversaire,3
queue,3
isaac owoeye,3
isaac,3
morning sir,3
reply,3
irunnia,3
moses,3
chargez gratuitement,3
charger,3
moses opeyemi,3
university,3
ubamobileapp digitalbankingapp,3
move,3
owoeye,3
national,3
smile,3
qayyum,3
maintenant,3
mercy,3
lion,3
buro uba,3
oil,3
bvn,3
yake,3
kwal uba,3
kwal,3
kuwa,3
pain,3
africa uba,3
africanentrepreneurs,3
par,3
ku,3
shege,3
sending,3
management,3
update,3
shi,3
oo uba,3
king,3
save,3
union,3
buro,3
marina,3
service management,3
adeolu account,3
sense,3
yan kutumar,3
manonfireremix,3
serious,3
lawal uba,3
left,3
lawal,3
last week,3
adeyeba,3
seriously,3
land,3
adeyeba micheal,3
lagos state,3
adeyemi,3
saw,3
many,3
lafemmeanjolamovie,3
bank god,3
sarki,3
understand,3
since last,3
venue,3
name adeyeba,3
si,3
side,3
saidai,3
opeyemi theep,3
opportunity,3
kan uba,3
breakfast,3
kan,3
branch,3
sign,3
age time,3
link download,3
vendredi,3
kaduna,3
agent,3
yourcoolestbank,3
le week,3
wtf,3
mean,3
care,3
lien,3
kebetu senegal,3
orji edet,3
shine,3
nasir,3
bro uba,3
blessed dey,3
orji,3
mata,3
samuel oluwaseyi,3
ypp,3
unavailable,3
key,3
una,3
car,3
un joyeux,3
active follower,3
paid,3
blaming,3
scam,3
opening,3
see uba,3
oubliez,3
complain,3
foundation,3
full,3
uba hamza,3
no,3
dans,3
freshbrett uba,3
freshbrett,3
wetin,3
th april,3
uba new,3
francis,3
founder,3
asap,3
congrats,3
former,3
forgive,3
project,3
aruwajoye titilayo,3
mustapha,3
entrepreneur,3
ayedose moses,3
apologize,3
contre,3
app disponible,3
nse,3
per night,3
congo,3
nigeria johnson,3
gate,3
elumelu foundation,3
te,3
position,3
opposite,3
available,3
elvis uba,3
assistance,3
twitter,3
telling,3
davido,3
picked,3
gaskiya,3
date th,3
wanda,3
gas,3
uba olanrewaju,3
wani,3
engaging bos,3
engaging please,3
enjoy,3
conference,3
polaris,3
ga,3
uba group,3
thanks advance,3
entreprise,3
ayedose,3
pick uba,3
fear,3
oluwaseyi lawal,3
olanrewaju isaac,3
wasu,3
pls amount,3
etc,3
war,3
avec la,3
faith,3
fait,3
april,3
facebook,3
thanks bos,3
titilayo,3
face,3
uba house,3
uba hope,3
exp rience,3
exp,3
exam week,3
old,3
exactly,3
toe,3
everything,3
february,3
week end,3
oluwaseyi,3
fee pls,3
daniel,3
app sur,3
thanks sir,3
aruwajoye,3
thanks uba,3
fine,3
ayant,3
finance service,3
finance,3
top,3
counsel,3
fill,3
vision,3
took,3
apple,3
fidelity,3
couvrez,3
tonyelumelufoundation unitedbankforafrica,3
femi,3
damilare,3
tonyelumelufoundation,3
though reside,3
thought,3
de charger,3
everyone,3
else,3
heard,3
wai,3
okay,3
withdraw,3
new app,3
dont,3
victor always,3
story,3
baby,3
digitalbankingapp,3
health,3
help mum,3
dem,3
girl,3
wire,3
hbd au,3
staff,3
hayyu qayyum,3
hayyu,3
defendant,3
uba always,3
digitale,3
pris,3
uba alex,3
programme tef,3
pay school,3
uba ba,3
house marina,3
uba dey,3
hour,3
hr,3
hospital,3
alkhairi,3
online,3
programme,3
done bos,3
hold,3
uba ayedose,3
bad,3
hiring,3
high,3
stephen,3
oubliez pa,3
alone,3
notice need,3
su,3
ici,3
postulez,3
ni uba,3
notre,3
owing,3
idowu,3
gov,3
nice,3
number bank,3
east,3
alex micheal,3
uba pray,3
uba go,3
olabode,3
edet,3
aza,3
win giveaway,3
chez,3
whole,3
atikukawai,3
check,3
dey engage,3
amin hayyu,3
disponible ici,3
sur le,3
amma,3
drsavealife,3
hamza idris,3
half,3
city,3
hacked,3
du groupe,3
du match,3
gratuitement application,3
picture,3
sunday,3
atm card,3
note,3
uba africanentrepreneurs,3
plateau,3
deal,3
groupe,3
spw,3
aure,3
representing,2
plan,2
plagiarism,2
platform,2
place please,2
place order,2
ou via,2
please oo,2
ozigbo,2
please pick,2
oyindamola esther,2
ought,2
remains,2
ought posse,2
remains uba,2
plaza,2
released,2
please anything,2
playstore,2
playing,2
please let,2
relationship,2
rent feeding,2
oyedepo,2
oyedepo kofoworola,2
passez,2
plz kindly,2
please soliciting,2
peace mind,2
paypal,2
pca,2
pr sident,2
ra uba,2
pr pay,2
pca de,2
rapide,2
rd,2
pdp,2
ossai,2
please uba,2
pour vous,2
pour souhaiter,2
ready,2
pour la,2
really appreciate,2
posted,2
outstanding amount,2
post team,2
posse bachelor,2
pray lucky,2
part au,2
prepaid,2
partnership,2
passez un,2
promote,2
past,2
pastor,2
promote blog,2
owing player,2
progressive land,2
progressive car,2
pay outstanding,2
put acct,2
put something,2
qualification,2
qudr,2
process,2
payment made,2
passer,2
pris part,2
payout,2
prepaid card,2
people anambra,2
posse,2
people state,2
redesign,2
pme,2
pm,2
perfect,2
orobosa,2
perfectly,2
plz,2
plus que,2
redesign uba,2
outstanding,2
peter eseoghenerume,2
oui,2
pick tonight,2
refunded,2
pls student,2
pls show,2
pls really,2
regarding,2
pls give,2
registration fee,2
pme et,2
pointstef,2
parent,2
redd uba,2
positivement la,2
ossai olivia,2
positivement,2
received message,2
received till,2
recharge,2
others,2
people street,2
popoola olabode,2
popoola,2
recharge via,2
recruitment,2
politics,2
politician,2
police,2
red,2
redd,2
people uba,2
pointstef tef,2
professional,2
abayomi,2
request,2
uba nnpc,2
uba shege,2
uba put,2
uba prepaid,2
uba popoola,2
uba plss,2
uba plc,2
uba orji,2
uba nkomadu,2
uba lynofthesouth,2
uba ni,2
uba need,2
uba nan,2
uba monie,2
uba modupe,2
uba might,2
uba mastercard,2
uba si,2
uba since,2
uba still,2
uba support,2
ubamali,2
ubah,2
ubacares,2
ubaburkina ubamobileapp,2
uba work,2
uba whatsapp,2
uba way,2
uba wani,2
uba wake,2
uba waheed,2
uba user,2
uba useless,2
uba use,2
uba ubaxwizkid,2
uba surprise,2
uba manonfireremix,2
uba lagos,2
tr,2
uba adekola,2
uba au,2
uba atm,2
uba ambassador,2
uba allah,2
uba akande,2
uba africard,2
uba africa,2
uba active,2
uba lafemmeanjolamovie,2
type,2
tweet uba,2
tweet plz,2
try luck,2
transfer,2
transaction took,2
transaction bancaires,2
uba capable,2
uba colour,2
uba come,2
uba customer,2
uba ko,2
uba kawai,2
uba johntechthepunter,2
uba ikedc,2
uba hiring,2
uba grab,2
uba gave,2
uba gateway,2
uba football,2
uba festus,2
uba even,2
uba esther,2
uba engage,2
uba emmanuel,2
uba dan,2
ubatchad ubamobileapp,2
ubaxwizkid,2
uche,2
wallet,2
whatsapp call,2
wey go,2
wema,2
week verge,2
week bos,2
wanted,2
wallet uba,2
wake,2
uche bolt,2
wait,2
waheed olamide,2
waheed,2
vous souhaite,2
votre compte,2
visit,2
vision boldly,2
whenever,2
winning soul,2
without seeking,2
workshop,2
zoom,2
zenith fcmb,2
zenith bank,2
youth,2
yourcoolestbank africasglobalbank,2
year life,2
yayi,2
yayan,2
yaya,2
yawa,2
yace,2
ya na,2
wtf wrong,2
wrong uba,2
workshop tomorrow,2
virtual laboratory,2
virtual,2
vincent,2
ussd,2
useless world,2
used uba,2
use app,2
urgently,2
urgent,2
upper lower,2
upper,2
unprofessional shocking,2
unprofessional,2
unitedbankforafrica uba,2
unilag akoka,2
unilag,2
unfailingly,2
une matin,2
ugm,2
usman,2
ussite,2
village lagos,2
uwa da,2
village,2
vie,2
video,2
victoria uba,2
victoria,2
victim,2
via whatsapp,2
veronica uba,2
veronica,2
verge dropping,2
verge,2
venue zoom,2
val ozigbo,2
val,2
uwa ta,2
track,2
towards,2
responding,2
sident du,2
single,2
sincerely apologize,2
sincerely,2
since uba,2
silly claim,2
silly,2
silas,2
sident,2
shahadah last,2
si na,2
show love,2
shoe,2
shocking well,2
shocking,2
shehu uba,2
shehu,2
sir intervene,2
sir onumba,2
sir pls,2
sit keep,2
stanbic,2
span,2
soup,2
souhaite un,2
sorry,2
sont,2
sonia chioma,2
sonia,2
soliciting fund,2
soliciting,2
society,2
smile face,2
small thank,2
sm charge,2
site,2
shame,2
shahadah,2
tous,2
ruth,2
samson uba,2
samson,2
sake debit,2
sake,2
said contribution,2
safe,2
ruth uba,2
rufai kaduna,2
seyi,2
rn,2
rience digitale,2
richly,2
reunion,2
return,2
result crisis,2
restore,2
sani garba,2
save life,2
say dem,2
seat,2
set,2
service ever,2
serious challenge,2
senegal team,2
send gift,2
senator sani,2
senate,2
semaines,2
semaine avec,2
selling,2
selected,2
seen,2
seems,2
seeking consent,2
seeking,2
standard,2
standard chartered,2
starting exam,2
tercocam contre,2
thank advance,2
th february,2
tgif,2
terminer positivement,2
terminer,2
terme du,2
terme,2
temilade adeyemi,2
state nigeria,2
temilade,2
temi,2
telling story,2
tell,2
tef tonyelumelufoundation,2
teacher,2
tape et,2
thank god,2
thank uba,2
theme,2
theme implementation,2
took place,2
tomorrow morning,2
toeway,2
toe uba,2
titilayo uba,2
tired,2
tire,2
time uba,2
time hope,2
time christ,2
ti,2
three,2
thisisuba,2
thinkapcthinkandy istandwithandyuba,2
thinkapcthinkandy,2
tana,2
talking,2
taking,2
successful,2
stuff uba,2
student mapoly,2
stress,2
strength,2
story sen,2
store ubaburkina,2
store ou,2
store app,2
stock,2
still remains,2
still dey,2
sterling,2
stay,2
status,2
state said,2
submit,2
suka,2
taiwo,2
suke,2
switch,2
survive,2
surprised,2
surprise,2
sur playstore,2
sur play,2
sur ou,2
sur notre,2
sur et,2
sur africasglobalbank,2
support uba,2
support business,2
suna,2
sun,2
suleiman,2
opposite uba,2
zoom registration,2
oppos,2
head,2
happening age,2
happy rn,2
happy sunday,2
har,2
hassan,2
hd,2
hd qualification,2
health peace,2
hahahaha,2
heard owing,2
heart,2
heir,2
hello sincerely,2
help acct,2
help amount,2
help let,2
half man,2
hada,2
going place,2
gratitude,2
good day,2
good people,2
good wife,2
got,2
governor nasir,2
grab,2
grab progressive,2
gratuitement sur,2
habeeb,2
great,2
greatest,2
groupe uba,2
gt,2
gt bank,2
gtbank,2
gtbank uba,2
help look,2
help onumba,2
help oo,2
ijeoma,2
id de,2
ifb,2
ifeanyi ubah,2
ig,2
ig fb,2
igoh,2
igoh nelly,2
ijeoma charity,2
help people,2
ikedc,2
ikedc etc,2
ikeja computer,2
ilorin east,2
ilorin starting,2
imagine,2
immediately,2
ici ubatchad,2
ibeg,2
iamnaija jcinigeria,2
iamnaija,2
help pls,2
help put,2
help sir,2
hiring fill,2
history,2
hold workshop,2
holding,2
home,2
honestly,2
hope fortunate,2
hopefully,2
however,2
hui,2
humble,2
humble sir,2
goma,2
godwin uba,2
implementation virtual,2
find today,2
feel,2
felt,2
felt people,2
femi uba,2
festus,2
fidelity bank,2
fill job,2
finish,2
feeding,2
finished,2
first thing,2
fix,2
follow dey,2
follow link,2
follower week,2
foodstuff,2
feeding school,2
fee sir,2
godwin,2
facing,2
even get,2
every,2
everytime make,2
exam next,2
expired,2
fa,2
face uba,2
facing serious,2
fee certificate,2
fada,2
fait en,2
family,2
far,2
fb address,2
fcmb uba,2
fct,2
football club,2
forecasting,2
forecasting hold,2
gi,2
gave,2
gefen,2
gender,2
get foodstuff,2
get luck,2
get money,2
get sense,2
gift adenike,2
forget,2
gift mbajika,2
ginger,2
glad,2
global bank,2
go get,2
go open,2
go uba,2
gateway activecitizens,2
gateway,2
gaskia,2
garba datti,2
fortunate,2
fortunate beneficiary,2
forward sit,2
francis uba,2
fraud,2
freedom,2
fridaymood,2
frustrating,2
fund pay,2
fund please,2
funny,2
future,2
gab,2
gal kebetu,2
garba,2
implementation,2
inbox,2
etc job,2
manta,2
maka,2
make add,2
make see,2
making,2
mallam,2
man without,2
manager,2
mapoly,2
made payment,2
mapoly facing,2
march debited,2
march forward,2
marina lagos,2
master degree,2
mastercard beebeejump,2
matan,2
main,2
mad,2
like say,2
love na,2
link uba,2
linkedin,2
lmaoo,2
long time,2
looking forward,2
loss,2
lot,2
lovely,2
lynofthesouth,2
low,2
lower,2
lower chamber,2
loyal,2
luck shine,2
lucky find,2
lucky time,2
match du,2
matin,2
may lucky,2
month result,2
monday morning,2
mondaymotivation africasglobalbank,2
mondaymotivation ubamobileapp,2
money still,2
monguno,2
monie,2
monie agent,2
morning uba,2
maybe,2
mummy,2
mumu,2
muna,2
must open,2
musu,2
mutane,2
na chi,2
moment,2
modupe abayomi,2
modupe,2
mobile de,2
mbajika,2
mbajika victoria,2
medium,2
meeting,2
member enterprise,2
member finance,2
message uba,2
met,2
mga,2
michael,2
million,2
min,2
mini,2
mistake,2
mobile banking,2
opportunity united,2
life span,2
inconvenience,2
joignez,2
jeroro uba,2
jesus name,2
jikan,2
job julius,2
job opportunity,2
job post,2
job uba,2
join,2
jcinigeria,2
joseph uba,2
julius,2
julius berger,2
jumia,2
jumia gtbank,2
kaduna state,2
kai jama,2
jeroro,2
jama,2
life omowunmi,2
intervene,2
informing,2
informing unprofessional,2
instead,2
int,2
interested,2
interested applicant,2
international,2
intervene save,2
ja account,2
intervention,2
interview,2
irunnia make,2
isede,2
israel,2
itama,2
iya,2
kaima,2
kama,2
kano ar,2
laycon,2
lack,2
lack fund,2
lady,2
lallai,2
lame,2
land thinkapcthinkandy,2
late,2
lazy,2
kanu,2
le entrant,2
le samedi,2
leg,2
leo,2
let promote,2
lga,2
life lame,2
laboratory covid,2
laboratory,2
la terminer,2
kwcoed ilorin,2
kar,2
kayi,2
keep telling,2
kenneth,2
kenneth ijeoma,2
key drive,2
kin,2
know say,2
kofoworola,2
kofoworola uba,2
kowa,2
kudi,2
kuma dey,2
kwara,2
kwcoed,2
eti,2
et tout,2
na wa,2
bachelor master,2
awka,2
ayant pris,2
ayi,2
azikiwe,2
azikiwe university,2
babatunde,2
bachelor,2
back asap,2
awarded,2
bail,2
bail client,2
bala,2
balance unavailable,2
bancaires,2
bank bos,2
bank detail,2
awarded attendee,2
avoir,2
asked,2
attendee account,2
aslton,2
aslton unilag,2
assez,2
assistant,2
attempt,2
attend,2
attendee,2
au congo,2
avec id,2
au gal,2
au match,2
au terme,2
aujourd,2
aujourd hui,2
aux commandes,2
avant,2
bank ikeja,2
bank kenneth,2
bank may,2
boniface,2
bird one,2
birthday nice,2
blog,2
blog business,2
boldly,2
boldly march,2
bolt,2
bos abeg,2
bank ologodidanweddingdaychallenge,2
bos help,2
broken,2
budgeting,2
budgeting forecasting,2
business budgeting,2
business uba,2
bvn account,2
bird,2
bien,2
bettertogetherwithgoh want,2
best wish,2
banque,2
banques bode,2
base,2
based silly,2
bean,2
beebeejump,2
beebeejump jumia,2
behind,2
believe happening,2
beneficiary,2
beneficiary dey,2
benjamin,2
berger,2
berger mastercard,2
best bank,2
asking,2
aregbesola aux,2
call ig,2
africasglobalbank thisisuba,2
adetunji,2
adeyemi uba,2
adeyeri,2
adeyeri damilare,2
advance bos,2
africa global,2
africard,2
africasglobalbank ubamobileapp,2
adenike,2
africash,2
agent account,2
ahh,2
ai tout,2
airtel,2
aishat,2
aje,2
adenike uba,2
adekola habeeb,2
ar,2
account see,2
abeg make,2
abuja,2
abun,2
acc,2
access uba,2
account bank,2
account based,2
acct joornation,2
adekola,2
acct ossai,2
act,2
activecitizens,2
activecitizens collaborateforimpact,2
activit,2
adebola,2
adebola gift,2
akande,2
akande oyindamola,2
ake,2
app est,2
answer,2
anyone,2
anything help,2
apartment,2
apartment people,2
apology,2
app app,2
app yet,2
akoka,2
apple music,2
applicant,2
applicant ought,2
application mobile,2
application support,2
application sur,2
april venue,2
another,2
anniversaire tony,2
anniversaire au,2
anger,2
akoka bank,2
alhamdulillah kano,2
allah yayi,2
allow,2
along,2
ambassador,2
ameen,2
amen,2
among,2
amount small,2
amount thank,2
amount uba,2
anambra deserving,2
anambra need,2
anan,2
caleb,2
called,2
et de,2
die,2
deserving,2
deserving progressive,2
despite,2
detail aslton,2
dey enter,2
dey follow,2
dey notice,2
different,2
degree,2
dimanche,2
dimanche la,2
din,2
dividend payout,2
dm via,2
dn,2
done bro,2
degree hd,2
definitely,2
credited pls,2
datti,2
crisis,2
crisis going,2
cry,2
daddy,2
damilare uba,2
dash,2
dat,2
datti upper,2
deduction,2
day sir,2
de employ,2
de quipe,2
de semaine,2
debit alert,2
debit uba,2
decide,2
done following,2
double,2
dream,2
enyinnaya,2
ensemble,2
ensemble de,2
enterprise,2
enterprise application,2
entrant,2
entrant de,2
enugu,2
era,2
drive good,2
era date,2
error,2
eseoghenerume,2
eseoghenerume jeroro,2
est vendredi,2
esther happy,2
esther okon,2
enquiry dm,2
enquiry,2
enjoy new,2
engage steady,2
dropping,2
dropping due,2
du samedi,2
due lack,2
duk,2
duke,2
duke freedom,2
earnings,2
edet enyinnaya,2
el,2
elle,2
employ,2
en cliquant,2
en une,2
endorsement,2
criminal,2
covid era,2
cameroon la,2
chioma,2
cheshu,2
chez vous,2
chi,2
chibuike,2
chibuike joseph,2
child,2
chill,2
chisom,2
chartered,2
chisom francis,2
chiwendu,2
chiwendu godwin,2
choose,2
chop,2
christ,2
christ sake,2
chat,2
charity,2
covid,2
case,2
cannot,2
capable,2
car key,2
card please,2
career,2
carry,2
carte pr,2
ce lien,2
charger gratuitement,2
celebrate,2
ceo,2
certificate,2
certificate awarded,2
challenge house,2
chamber felt,2
charge uba,2
chukwu,2
cikin,2
cikin yan,2
contribution,2
confirm,2
consent,2
consent informing,2
consider,2
contact,2
content,2
contre uba,2
contribution senator,2
cin,2
conversation,2
correct,2
correction,2
count,2
courage,2
courant,2
courant carte,2
concerning,2
computer village,2
computer,2
compte courant,2
claim,2
claim without,2
click,2
click link,2
client le,2
cliquant,2
cliquant sur,2
club,2
collaborateforimpact,2
collaborateforimpact iamnaija,2
collect,2
colour,2
commandes,2
commandes de,2
comme,2
na go,2
like uba,2
naa,2
olamide,2
odi,2
ojo,2
ojo omowunmi,2
okafor,2
okon,2
nelly uba,2
nelly,2
obasanya femi,2
olamide qudr,2
no pointstef,2
old follower,2
night uba,2
olivia,2
olivia ruth,2
next level,2
obasanya,2
olusola,2
notice ni,2
notre page,2
abdullahi,2
notification uba,2
nous vous,2
nice send,2
notification app,2
nothing small,2
nigerian,2
never give,2
never heard,2
nw,2
npower,2
npower uba,2
nonsense,2
ologodidanweddingdaychallenge,2
nobody,2
oo pls,2
olusola samson,2
nnamdi azikiwe,2
nah,2
nkomadu sonia,2
near,2
nayi,2
nkomadu,2
operation uba,2
nnamdi kanu,2
nin,2
needed,2
omowunmi veronica,2
omowunmi acct,2
nathaniel,2
nasirat temilade,2
opened,2
one day,2
naka,2
name god,2
nasirat,2
namiji,2
nasir rufai,2
nnpc,2
open account,2
ope,2
petrol,1
person gotten,1
personnel vous,1
person oo,1
petrol station,1
person owing,1
person today,1
noyelum nnaji,1
personnel,1
peter afolakemi,1
peter essien,1
philanthropist tony,1
philanthrope,1
philanthrope qui,1
november,1
pick loss,1
pick jesus,1
pick biko,1
pick baba,1
november date,1
pic,1
photo uba,1
novice,1
phone screen,1
phone low,1
phone accessory,1
noyelum,1
person given,1
philanthropist,1
person go,1
num rique,1
person fit,1
people posted,1
people access,1
people wavelength,1
nugget,1
people think,1
nugget yunno,1
people account,1
num,1
people slandered,1
people pained,1
nsukka,1
people next,1
people never,1
people hurting,1
people defend,1
people always,1
people deducting,1
people confidence,1
people come,1
nsukka engage,1
per share,1
person bos,1
performance,1
permission amp,1
permission,1
people collect,1
performer senator,1
whoever,1
whereas na,1
performer,1
performance difficult,1
perfectly installed,1
nse open,1
whereas,1
perfectly abubakar,1
whenever feel,1
number associated,1
nse market,1
picked random,1
perfect relationship,1
perfect blend,1
picked god,1
plan debit,1
picked today,1
please dm,1
no offres,1
please call,1
please brighten,1
please bank,1
please air,1
nobdys,1
please able,1
nobdys sayin,1
ple,1
plc well,1
plc nnamdi,1
plc mr,1
nobody care,1
plaza behind,1
plaza around,1
nobody talk,1
playstore store,1
please click,1
please extend,1
playing safe,1
please flight,1
please transferred,1
please support,1
please something,1
nk,1
nnaji,1
please online,1
nnewi,1
please nothing,1
nnpc immediately,1
please mummy,1
please mayorkun,1
please love,1
please looking,1
nnpc week,1
please honest,1
nnpcauditreport,1
please get,1
playstore apple,1
playing prank,1
pickup,1
pen available,1
plagiarizing,1
plagiarism submit,1
nothing something,1
place stopped,1
nothing without,1
place airtel,1
place account,1
pizza chilled,1
pizza,1
pivotal role,1
pivotal,1
pin user,1
pin,1
picture since,1
picture claiming,1
picture advert,1
pickup partner,1
plagiarizing look,1
plan later,1
nothing appreciate,1
plasma,1
player sale,1
player able,1
nothing bad,1
played usual,1
played,1
nothing done,1
play pivotal,1
play game,1
nothing guaranteed,1
platform please,1
nothing important,1
plateau indigen,1
plateau de,1
un bon,1
plateau dakar,1
nothing please,1
plasma tv,1
whoever closed,1
win oo,1
whole day,1
world thanks,1
nwanne biko,1
worry bos,1
worry drop,1
worse,1
worse pas,1
nwanyi,1
worst buharis,1
worst customer,1
worst service,1
nwanyi odi,1
would get,1
would go,1
nwogbaga,1
nwogbaga caleb,1
nysc,1
nysc camp,1
obedience,1
obedience key,1
obele,1
world thought,1
world lightens,1
wondered business,1
world come,1
word,1
word know,1
nwabueze vincent,1
work apple,1
work complaint,1
work na,1
work perfectly,1
work uba,1
work university,1
nwachukwu,1
working gt,1
working losing,1
working original,1
working restore,1
working team,1
working uba,1
nwaka,1
nwaka csandra,1
nwanne,1
obele nwanyi,1
obiakor,1
obiakor oscar,1
yayi mana,1
yimata magana,1
yin,1
yin imani,1
yobe,1
yobe cr,1
yoruba,1
yoruba king,1
yourcoolestbank ubamali,1
youth africa,1
youth gem,1
youtube,1
youtube video,1
ypp clinch,1
ypp party,1
ypp succeed,1
yunno,1
yup,1
yup watching,1
zabanin,1
yimata,1
yet pay,1
yet one,1
year nd,1
yayi musu,1
yayye,1
yazo,1
yazo nan,1
yeah,1
yeah bank,1
year ago,1
year ahead,1
year put,1
yet new,1
year super,1
yellow,1
yellow let,1
yesterday despite,1
yesterday guy,1
yesterday many,1
yet download,1
yet money,1
wonlanffuu,1
wondered,1
whole new,1
winner starboy,1
winner uba,1
winner yet,1
number mean,1
number nothing,1
number sir,1
winning give,1
number unfortunately,1
winning woman,1
winston,1
winston uba,1
wipe,1
wipe message,1
number union,1
wire account,1
wire plss,1
wire win,1
nut,1
wish happy,1
wish long,1
winner today,1
winner know,1
womb iseeh,1
number make,1
whole world,1
widow,1
widow save,1
number bless,1
wife also,1
wife complete,1
wife half,1
wife next,1
wilson,1
wilson ehigiamusoe,1
peace mary,1
win abeg,1
win apc,1
win chibuike,1
win everyday,1
number fine,1
win league,1
please usman,1
number follower,1
wish one,1
wish sir,1
nut see,1
withdraw even,1
wizkid endorsement,1
wizkid enter,1
wizkid fan,1
wizkid guy,1
wizkid last,1
wizkid something,1
wizkid surprised,1
wizzy,1
wizzy go,1
wl,1
wl glad,1
wlc,1
wnn,1
wnn aje,1
woman amp,1
woman done,1
woman obele,1
woman sell,1
womb,1
wizkid blaming,1
nw thnks,1
wiwsport,1
within week,1
withdraw money,1
withdraw roqqu,1
withdrawal,1
withdrawer,1
withdrawer uba,1
withdrew,1
withdrew money,1
within,1
without breakfast,1
without wife,1
without destination,1
without giveaway,1
without good,1
without mercy,1
without number,1
without plagiarism,1
nw money,1
without warning,1
nishadi kawai,1
pls god,1
nishadi,1
queen,1
queue took,1
queue madam,1
neu,1
question hit,1
question,1
quest good,1
quest,1
quelques heures,1
quelques,1
que quelques,1
network issue,1
que partenaires,1
que jours,1
que entrepreneur,1
neu gate,1
never come,1
quand est,1
quand,1
qualit administrateur,1
qualit,1
queue uba,1
qui bre,1
qu aime,1
qwarai,1
rafkanuwa,1
radical online,1
radical,1
rack abeg,1
rack,1
racheal,1
nemarwa ya,1
ra auwal,1
nement,1
quit running,1
qui croit,1
quit,1
nement comme,1
network able,1
quick see,1
quick reminder,1
quick enter,1
network back,1
qui sont,1
qui est,1
never forgot,1
qu,1
prof hafiz,1
programmer,1
never wrong,1
project work,1
project wizkid,1
project last,1
new already,1
new amsterdam,1
new banking,1
new card,1
programmer currently,1
new level,1
never uba,1
new mobile,1
program partnership,1
program,1
profitez de,1
profitez,1
profile player,1
profile,1
professional begger,1
professional address,1
never villain,1
proof account,1
never get,1
publication,1
put smile,1
put pin,1
put food,1
never let,1
punish near,1
punish,1
pulse amen,1
pulse,1
publication get,1
proximit de,1
proof pic,1
proximit,1
proverb,1
proven better,1
proven,1
protected cost,1
protected,1
prospective earnings,1
prospective,1
proof uba,1
rahama,1
rai,1
rai nin,1
receive money,1
receiving,1
receiver credited,1
receiver,1
negligence also,1
received outcry,1
neimeth,1
received credit,1
neimeth wema,1
receive sm,1
receive fund,1
recent,1
receive dom,1
receive bank,1
neither,1
receipt shared,1
receipt,1
recall co,1
recall,1
reason publication,1
reason osayomwanbo,1
receiving salary,1
recent dividend,1
raini,1
reckon man,1
need urgent,1
needed problem,1
needed rent,1
recruitment position,1
recruitment career,1
needful,1
recover get,1
recover,1
recommendation,1
reckon,1
recevez,1
recipient yet,1
recipient,1
rechargez votre,1
rechargez,1
recharged instead,1
recharged,1
needful fg,1
negligence,1
recevez de,1
reason insisting,1
reason deduction,1
reason continue,1
rasheed,1
reach today,1
reach na,1
reach access,1
nemar,1
rd march,1
rd defendant,1
nemar wa,1
rasu,1
rasheed god,1
rapides,1
reason charge,1
rapide chargez,1
rapide au,1
nemarwa,1
random thank,1
random,1
ramadan,1
ral de,1
ral,1
raini sense,1
reach tonight,1
reached,1
reached bank,1
reactivating,1
neither reversed,1
really want,1
really master,1
really lost,1
really looking,1
really hungry,1
really hope,1
really help,1
really going,1
really frustrating,1
nema,1
real bos,1
real,1
ready yet,1
ready first,1
nema yayan,1
reading brother,1
reading,1
reactivating account,1
new plasma,1
prof,1
pls also,1
politics senator,1
popular economist,1
popular,1
nigeria miss,1
nigeria nsukka,1
poor dividend,1
poor,1
ponmo,1
poly exam,1
poly,1
politics national,1
por pa,1
nigeria really,1
politician would,1
politician experience,1
nigeria single,1
political affair,1
political,1
police post,1
police custody,1
nigeria tool,1
por,1
portugais,1
polaris fcmb,1
post time,1
pot,1
postulez sur,1
postulez par,1
postulez au,1
niang,1
posted picture,1
posted photo,1
niang remportent,1
post uba,1
post share,1
portugais et,1
nice track,1
nigeria allshare,1
nigeria awakening,1
nigeria government,1
nigeria history,1
positive despite,1
positive,1
position recent,1
nigeria leader,1
polaris sterling,1
polaris bank,1
producer blessing,1
pls kindly,1
plss irunnia,1
nikon,1
nikon camera,1
pls sir,1
pls since,1
nima,1
nima abinda,1
pls need,1
pls listen,1
pls irunnia,1
plss want,1
pls igwe,1
pls happening,1
pls giveaway,1
nin africasglobalbank,1
pls bos,1
pls bless,1
pls baba,1
pls assist,1
nin wayoo,1
plss need,1
nikita linkedin,1
nigerian assistant,1
po agent,1
nigerian bank,1
point deduction,1
point,1
pocket dey,1
pocket,1
po zenith,1
po shop,1
po po,1
po business,1
night breakfast,1
plus aujourd,1
night payment,1
night send,1
pm maiduguri,1
night truely,1
night without,1
plus sur,1
nikita,1
plus information,1
plus chaleureux,1
pot soup,1
potion,1
potion free,1
presidence senetorial,1
prince,1
previous app,1
previous,1
presidential road,1
presidential,1
president sooner,1
president,1
presidency red,1
presidency,1
presidence,1
newly found,1
present sir,1
present,1
preparing reunion,1
preparing,1
newprofilepic,1
next kin,1
prenez votre,1
prenez,1
prematchmeeting complex,1
prince lekkimassacre,1
newly,1
pouch,1
problem self,1
producer,1
processing,1
process take,1
process stay,1
new pray,1
problematic bank,1
problematic,1
problem una,1
problem uba,1
problem ordinary,1
pris semaines,1
problem believe,1
new prays,1
probably useless,1
probably,1
prix bon,1
prix,1
private part,1
private,1
prison,1
prematchmeeting,1
preference one,1
preference,1
ni ko,1
next time,1
pr senter,1
next uba,1
next week,1
poverty pas,1
poverty,1
ni baje,1
pour vivre,1
pour une,1
pour pr,1
predict frustrating,1
pour parler,1
pour legrandmbandja,1
ni rai,1
pour en,1
pour effectuer,1
pour avoir,1
pour acc,1
ni seh,1
pouch phone,1
praise,1
praise ohize,1
prank,1
prank holding,1
predict,1
next month,1
preaching evil,1
preaching,1
prays luck,1
prays,1
praying kizo,1
praying,1
pray shahadah,1
pray reach,1
pray pls,1
next ogundele,1
pray luck,1
pray looking,1
pray get,1
pray dropout,1
pray blessed,1
pray among,1
next project,1
nwabueze,1
